{
    "rmse": 0.6641160207403864,
    "mae": 0.5296297823766812,
    "r2": 0.2955526404726999
}